cs/issue/README.md	issue/README.md
cs/issue/authoring-guide.md	issue/authoring-guide.md
cs/issue/cross-cutting/README.md	issue/cross-cutting/README.md
cs/issue/cross-cutting/infra/README.md	issue/cross-cutting/infra/README.md
cs/issue/cross-cutting/infra/compose-variable-resolution-timing/1-question.md	issue/cross-cutting/infra/compose-variable-resolution-timing/1-question.md
cs/issue/cross-cutting/infra/compose-variable-resolution-timing/2-summary.md	issue/cross-cutting/infra/compose-variable-resolution-timing/2-summary.md
cs/issue/cross-cutting/infra/compose-variable-resolution-timing/3-answer.md	issue/cross-cutting/infra/compose-variable-resolution-timing/3-answer.md
cs/issue/cross-cutting/infra/git-pitfalls/1-question.md	issue/cross-cutting/infra/git-pitfalls/1-question.md
cs/issue/cross-cutting/infra/git-pitfalls/2-summary.md	issue/cross-cutting/infra/git-pitfalls/2-summary.md
cs/issue/cross-cutting/infra/git-pitfalls/3-answer.md	issue/cross-cutting/infra/git-pitfalls/3-answer.md
cs/issue/cross-cutting/infra/nginx-broadband-defense-friendly-fire/1-question.md	issue/cross-cutting/infra/nginx-broadband-defense-friendly-fire/1-question.md
cs/issue/cross-cutting/infra/nginx-broadband-defense-friendly-fire/2-summary.md	issue/cross-cutting/infra/nginx-broadband-defense-friendly-fire/2-summary.md
cs/issue/cross-cutting/infra/nginx-broadband-defense-friendly-fire/3-answer.md	issue/cross-cutting/infra/nginx-broadband-defense-friendly-fire/3-answer.md
cs/issue/cross-cutting/infra/state-drift-delete-propagation/1-question.md	issue/cross-cutting/infra/state-drift-delete-propagation/1-question.md
cs/issue/cross-cutting/infra/state-drift-delete-propagation/2-summary.md	issue/cross-cutting/infra/state-drift-delete-propagation/2-summary.md
cs/issue/cross-cutting/infra/state-drift-delete-propagation/3-answer.md	issue/cross-cutting/infra/state-drift-delete-propagation/3-answer.md
cs/issue/cross-cutting/network/README.md	issue/cross-cutting/network/README.md
cs/issue/cross-cutting/network/bind-address-loopback-vs-lan/1-question.md	issue/cross-cutting/network/bind-address-loopback-vs-lan/1-question.md
cs/issue/cross-cutting/network/bind-address-loopback-vs-lan/2-summary.md	issue/cross-cutting/network/bind-address-loopback-vs-lan/2-summary.md
cs/issue/cross-cutting/network/bind-address-loopback-vs-lan/3-answer.md	issue/cross-cutting/network/bind-address-loopback-vs-lan/3-answer.md
cs/issue/cross-cutting/network/chunked-vs-content-length/1-question.md	issue/cross-cutting/network/chunked-vs-content-length/1-question.md
cs/issue/cross-cutting/network/chunked-vs-content-length/2-summary.md	issue/cross-cutting/network/chunked-vs-content-length/2-summary.md
cs/issue/cross-cutting/network/chunked-vs-content-length/3-answer.md	issue/cross-cutting/network/chunked-vs-content-length/3-answer.md
cs/issue/cross-cutting/network/http-streaming-status-locked/1-question.md	issue/cross-cutting/network/http-streaming-status-locked/1-question.md
cs/issue/cross-cutting/network/http-streaming-status-locked/2-summary.md	issue/cross-cutting/network/http-streaming-status-locked/2-summary.md
cs/issue/cross-cutting/network/http-streaming-status-locked/3-answer.md	issue/cross-cutting/network/http-streaming-status-locked/3-answer.md
cs/issue/cross-cutting/network/proxy-passthrough/1-question.md	issue/cross-cutting/network/proxy-passthrough/1-question.md
cs/issue/cross-cutting/network/proxy-passthrough/2-summary.md	issue/cross-cutting/network/proxy-passthrough/2-summary.md
cs/issue/cross-cutting/network/proxy-passthrough/3-answer.md	issue/cross-cutting/network/proxy-passthrough/3-answer.md
cs/issue/cross-cutting/network/reverse-tunnel-nat-traversal/1-question.md	issue/cross-cutting/network/reverse-tunnel-nat-traversal/1-question.md
cs/issue/cross-cutting/network/reverse-tunnel-nat-traversal/2-summary.md	issue/cross-cutting/network/reverse-tunnel-nat-traversal/2-summary.md
cs/issue/cross-cutting/network/reverse-tunnel-nat-traversal/3-answer.md	issue/cross-cutting/network/reverse-tunnel-nat-traversal/3-answer.md
cs/issue/cross-cutting/reliability/README.md	issue/cross-cutting/reliability/README.md
cs/issue/cross-cutting/reliability/resource-bounding-last-defense/1-question.md	issue/cross-cutting/reliability/resource-bounding-last-defense/1-question.md
cs/issue/cross-cutting/reliability/resource-bounding-last-defense/2-summary.md	issue/cross-cutting/reliability/resource-bounding-last-defense/2-summary.md
cs/issue/cross-cutting/reliability/resource-bounding-last-defense/3-answer.md	issue/cross-cutting/reliability/resource-bounding-last-defense/3-answer.md
cs/issue/cross-cutting/reliability/silent-failure-vs-artifact/1-question.md	issue/cross-cutting/reliability/silent-failure-vs-artifact/1-question.md
cs/issue/cross-cutting/reliability/silent-failure-vs-artifact/2-summary.md	issue/cross-cutting/reliability/silent-failure-vs-artifact/2-summary.md
cs/issue/cross-cutting/reliability/silent-failure-vs-artifact/3-answer.md	issue/cross-cutting/reliability/silent-failure-vs-artifact/3-answer.md
cs/issue/cross-cutting/security/README.md	issue/cross-cutting/security/README.md
cs/issue/cross-cutting/security/secret-ownership-least-privilege/1-question.md	issue/cross-cutting/security/secret-ownership-least-privilege/1-question.md
cs/issue/cross-cutting/security/secret-ownership-least-privilege/2-summary.md	issue/cross-cutting/security/secret-ownership-least-privilege/2-summary.md
cs/issue/cross-cutting/security/secret-ownership-least-privilege/3-answer.md	issue/cross-cutting/security/secret-ownership-least-privilege/3-answer.md
cs/issue/kotlin/README.md	issue/kotlin/README.md
cs/issue/kotlin/charset-and-length-defaults/1-question.md	issue/kotlin/charset-and-length-defaults/1-question.md
cs/issue/kotlin/charset-and-length-defaults/2-summary.md	issue/kotlin/charset-and-length-defaults/2-summary.md
cs/issue/kotlin/charset-and-length-defaults/3-answer.md	issue/kotlin/charset-and-length-defaults/3-answer.md
cs/issue/kotlin/spring/README.md	issue/kotlin/spring/README.md
cs/issue/kotlin/spring/dip-port-ownership/1-question.md	issue/kotlin/spring/dip-port-ownership/1-question.md
cs/issue/kotlin/spring/dip-port-ownership/2-summary.md	issue/kotlin/spring/dip-port-ownership/2-summary.md
cs/issue/kotlin/spring/dip-port-ownership/3-answer.md	issue/kotlin/spring/dip-port-ownership/3-answer.md
cs/issue/kotlin/spring/graceful-degradation-fault-isolation/1-question.md	issue/kotlin/spring/graceful-degradation-fault-isolation/1-question.md
cs/issue/kotlin/spring/graceful-degradation-fault-isolation/2-summary.md	issue/kotlin/spring/graceful-degradation-fault-isolation/2-summary.md
cs/issue/kotlin/spring/graceful-degradation-fault-isolation/3-answer.md	issue/kotlin/spring/graceful-degradation-fault-isolation/3-answer.md
cs/issue/kotlin/spring/path-traversal-and-data-reality/1-question.md	issue/kotlin/spring/path-traversal-and-data-reality/1-question.md
cs/issue/kotlin/spring/path-traversal-and-data-reality/2-summary.md	issue/kotlin/spring/path-traversal-and-data-reality/2-summary.md
cs/issue/kotlin/spring/path-traversal-and-data-reality/3-answer.md	issue/kotlin/spring/path-traversal-and-data-reality/3-answer.md
cs/issue/kotlin/spring/serialization-contract-leak/1-question.md	issue/kotlin/spring/serialization-contract-leak/1-question.md
cs/issue/kotlin/spring/serialization-contract-leak/2-summary.md	issue/kotlin/spring/serialization-contract-leak/2-summary.md
cs/issue/kotlin/spring/serialization-contract-leak/3-answer.md	issue/kotlin/spring/serialization-contract-leak/3-answer.md
cs/issue/python/README.md	issue/python/README.md
cs/issue/python/fastapi/README.md	issue/python/fastapi/README.md
cs/issue/python/fastapi/response-normalization-framework-boundary/1-question.md	issue/python/fastapi/response-normalization-framework-boundary/1-question.md
cs/issue/python/fastapi/response-normalization-framework-boundary/2-summary.md	issue/python/fastapi/response-normalization-framework-boundary/2-summary.md
cs/issue/python/fastapi/response-normalization-framework-boundary/3-answer.md	issue/python/fastapi/response-normalization-framework-boundary/3-answer.md
cs/issue/python/fastapi/yagni-dead-contract/1-question.md	issue/python/fastapi/yagni-dead-contract/1-question.md
cs/issue/python/fastapi/yagni-dead-contract/2-summary.md	issue/python/fastapi/yagni-dead-contract/2-summary.md
cs/issue/python/fastapi/yagni-dead-contract/3-answer.md	issue/python/fastapi/yagni-dead-contract/3-answer.md
cs/issue/python/module-resolution-and-accidental-pass/1-question.md	issue/python/module-resolution-and-accidental-pass/1-question.md
cs/issue/python/module-resolution-and-accidental-pass/2-summary.md	issue/python/module-resolution-and-accidental-pass/2-summary.md
cs/issue/python/module-resolution-and-accidental-pass/3-answer.md	issue/python/module-resolution-and-accidental-pass/3-answer.md
cs/issue/typescript/README.md	issue/typescript/README.md
cs/issue/typescript/next/README.md	issue/typescript/next/README.md
cs/issue/typescript/next/absolute-imports-and-per-tool-resolver/1-question.md	issue/typescript/next/absolute-imports-and-per-tool-resolver/1-question.md
cs/issue/typescript/next/absolute-imports-and-per-tool-resolver/2-summary.md	issue/typescript/next/absolute-imports-and-per-tool-resolver/2-summary.md
cs/issue/typescript/next/absolute-imports-and-per-tool-resolver/3-answer.md	issue/typescript/next/absolute-imports-and-per-tool-resolver/3-answer.md
cs/issue/typescript/next/bff-envelope-single-gate/1-question.md	issue/typescript/next/bff-envelope-single-gate/1-question.md
cs/issue/typescript/next/bff-envelope-single-gate/2-summary.md	issue/typescript/next/bff-envelope-single-gate/2-summary.md
cs/issue/typescript/next/bff-envelope-single-gate/3-answer.md	issue/typescript/next/bff-envelope-single-gate/3-answer.md
cs/issue/typescript/next/single-source-of-truth-routing/1-question.md	issue/typescript/next/single-source-of-truth-routing/1-question.md
cs/issue/typescript/next/single-source-of-truth-routing/2-summary.md	issue/typescript/next/single-source-of-truth-routing/2-summary.md
cs/issue/typescript/next/single-source-of-truth-routing/3-answer.md	issue/typescript/next/single-source-of-truth-routing/3-answer.md
cs/issue/typescript/react/README.md	issue/typescript/react/README.md
cs/issue/typescript/react/css-negative-margin-overflow/1-question.md	issue/typescript/react/css-negative-margin-overflow/1-question.md
cs/issue/typescript/react/css-negative-margin-overflow/2-summary.md	issue/typescript/react/css-negative-margin-overflow/2-summary.md
cs/issue/typescript/react/css-negative-margin-overflow/3-answer.md	issue/typescript/react/css-negative-margin-overflow/3-answer.md
cs/issue/typescript/react/separation-structure-vs-style/1-question.md	issue/typescript/react/separation-structure-vs-style/1-question.md
cs/issue/typescript/react/separation-structure-vs-style/2-summary.md	issue/typescript/react/separation-structure-vs-style/2-summary.md
cs/issue/typescript/react/separation-structure-vs-style/3-answer.md	issue/typescript/react/separation-structure-vs-style/3-answer.md
cs/issue/typescript/react/xss-escape-then-assemble/1-question.md	issue/typescript/react/xss-escape-then-assemble/1-question.md
cs/issue/typescript/react/xss-escape-then-assemble/2-summary.md	issue/typescript/react/xss-escape-then-assemble/2-summary.md
cs/issue/typescript/react/xss-escape-then-assemble/3-answer.md	issue/typescript/react/xss-escape-then-assemble/3-answer.md
