area	old_slug	new_slug
math	01-propositional-logic	01-propositional-logic
math	02-induction-and-invariants	02-induction-and-invariants
math	03-sets-relations-orders	03-sets-relations-orders
math	04-graph-theory-basics	04-graph-theory-basics
math	05-counting-and-birthday-bound	05-counting-and-birthday-bound
math	07-recurrences-and-asymptotics	06-recurrences-and-asymptotics
math	08-probability-and-bayes	07-probability-and-bayes
math	09-expectation-variance-tails	08-expectation-variance-tails
math	10-common-distributions	09-common-distributions
math	15-queueing-and-littles-law	10-queueing-and-littles-law
math	06-modular-arithmetic	11-modular-arithmetic
math	11-randomness-and-prng	12-randomness-and-prng
math	12-linear-algebra-essentials	13-linear-algebra-essentials
math	13-information-theory-basics	14-information-theory-basics
math	14-numerical-stability	15-numerical-stability
math	16-math-symptom-index	16-math-symptom-index
math	17-math-incidents	17-math-incidents
data-structure	—	01-data-structures-basics
data-structure	36-adt-and-cost-contracts	02-adt-and-cost-contracts
data-structure	01-dynamic-array	03-dynamic-array
data-structure	02-linked-list	04-linked-list
data-structure	03-stack	05-stack
data-structure	04-queue-deque	06-queue-deque
data-structure	05-hashmap	07-hashmap
data-structure	29-open-addressing	08-open-addressing
data-structure	06-binary-search-tree	09-binary-search-tree
data-structure	07-heap	10-heap
data-structure	08-graph	11-graph
data-structure	09-trie	12-trie
data-structure	20-radix-trie	13-radix-trie
data-structure	10-lru-cache	14-lru-cache
data-structure	14-union-find	15-union-find
data-structure	15-b-tree	16-b-tree
data-structure	16-red-black-tree	17-red-black-tree
data-structure	24-lsm-tree	18-lsm-tree
data-structure	40-lsm-merge-model	19-lsm-merge-model
data-structure	11-bloom-filter	20-bloom-filter
data-structure	19-probabilistic-counting	21-probabilistic-counting
data-structure	12-skip-list	22-skip-list
data-structure	31-consistent-hashing	23-consistent-hashing
data-structure	32-inverted-index	24-inverted-index
data-structure	38-ring-buffer	25-ring-buffer
data-structure	37-timer-structures	26-timer-structures
data-structure	27-merkle-tree	27-merkle-tree
data-structure	41-resize-thrashing	28-resize-thrashing
data-structure	39-concurrent-data-structures	29-concurrent-data-structures
data-structure	33-filesystem	30-filesystem
data-structure	35-allocator	31-allocator
data-structure	34-dependency-resolver	32-dependency-resolver
data-structure	13-segment-tree	33-segment-tree
data-structure	17-fenwick-tree	34-fenwick-tree
data-structure	18-bitset	35-bitset
data-structure	21-suffix-array	36-suffix-array
data-structure	22-sparse-table	37-sparse-table
data-structure	23-splay-tree	38-splay-tree
data-structure	25-spatial-index	39-spatial-index
data-structure	26-persistent	40-persistent
data-structure	28-rope	41-rope
data-structure	30-interval-tree	42-interval-tree
data-structure	42-ds-symptom-index	43-ds-symptom-index
data-structure	43-ds-incidents	44-ds-incidents
algorithm	—	01-algorithm-basics
algorithm	31-asymptotic-analysis	02-asymptotic-analysis
algorithm	32-recursion	03-recursion
algorithm	06-binary-search	04-binary-search
algorithm	01-elementary-sort	05-elementary-sort
algorithm	02-merge-sort	06-merge-sort
algorithm	03-quick-sort	07-quick-sort
algorithm	04-heap-sort	08-heap-sort
algorithm	33-sorting-in-practice	09-sorting-in-practice
algorithm	05-non-comparison-sort	10-non-comparison-sort
algorithm	34-external-sort-and-k-way-merge	11-external-sort-and-k-way-merge
algorithm	35-hash-functions	12-hash-functions
algorithm	10-prefix-sum	13-prefix-sum
algorithm	08-two-pointers	14-two-pointers
algorithm	09-sliding-window	15-sliding-window
algorithm	07-parametric-search	16-parametric-search
algorithm	11-bfs	17-bfs
algorithm	12-dfs	18-dfs
algorithm	14-dijkstra	19-dijkstra
algorithm	15-bellman-floyd	20-bellman-floyd
algorithm	18-scc	21-scc
algorithm	17-mst	22-mst
algorithm	23-greedy	23-greedy
algorithm	24-divide-conquer	24-divide-conquer
algorithm	21-dp-basics	25-dp-basics
algorithm	22-dp-advanced	26-dp-advanced
algorithm	13-backtracking	27-backtracking
algorithm	25-string-matching	28-string-matching
algorithm	27-string-hashing	29-string-hashing
algorithm	26-aho-corasick	30-aho-corasick
algorithm	28-number-theory	31-number-theory
algorithm	29-bit-manipulation	32-bit-manipulation
algorithm	41-lossless-compression-lz77-huffman	33-lossless-compression-lz77-huffman
algorithm	42-modern-codecs-lz4-zstd-brotli	34-modern-codecs-lz4-zstd-brotli
algorithm	16-euler-path	35-euler-path
algorithm	19-network-flow	36-network-flow
algorithm	20-a-star	37-a-star
algorithm	30-sweeping	38-sweeping
algorithm	36-randomized-algorithms	39-randomized-algorithms
algorithm	37-complexity-p-np	40-complexity-p-np
algorithm	38-computability-and-halting	41-computability-and-halting
algorithm	39-alg-symptom-index	42-alg-symptom-index
algorithm	40-alg-incidents	43-alg-incidents
architecture	01-number-systems-twos-complement	01-number-systems-twos-complement
architecture	02-integer-overflow-and-truncation	02-integer-overflow-and-truncation
architecture	03-floating-point-ieee754	03-floating-point-ieee754
architecture	05-character-encoding-unicode	04-character-encoding-unicode
architecture	23-text-length-segmentation-and-case	05-text-length-segmentation-and-case
architecture	04-byte-order-and-alignment	06-byte-order-and-alignment
architecture	06-logic-gates-to-adder	07-logic-gates-to-adder
architecture	07-sequential-logic-clock	08-sequential-logic-clock
architecture	08-isa-and-machine-code	09-isa-and-machine-code
architecture	09-calling-convention-and-stack-frame	10-calling-convention-and-stack-frame
architecture	12-memory-hierarchy-and-locality	11-memory-hierarchy-and-locality
architecture	13-cache-organization	12-cache-organization
architecture	14-latency-numbers	13-latency-numbers
architecture	15-cache-coherence-and-memory-ordering	14-cache-coherence-and-memory-ordering
architecture	16-io-devices-interrupts-dma	15-io-devices-interrupts-dma
architecture	17-storage-media-workload	16-storage-media-workload
architecture	18-nand-flash-ftl	17-nand-flash-ftl
architecture	10-pipelining-and-branch-prediction	18-pipelining-and-branch-prediction
architecture	11-out-of-order-and-speculation	19-out-of-order-and-speculation
architecture	19-multicore-and-numa	20-multicore-and-numa
architecture	20-simd-and-gpu	21-simd-and-gpu
architecture	21-arch-symptom-index	22-arch-symptom-index
architecture	22-arch-incidents	23-arch-incidents
os	01-kernel-and-user-mode	01-kernel-and-user-mode
os	02-system-calls	02-system-calls
os	03-interrupts-traps-faults	03-interrupts-traps-faults
os	04-process-and-lifecycle	04-process-and-lifecycle
os	05-fork-exec-wait	05-fork-exec-wait
os	06-signals	06-signals
os	07-threads-and-context-switch	07-threads-and-context-switch
os	08-cpu-scheduling	08-cpu-scheduling
os	09-address-space	09-address-space
os	10-paging-and-tlb	10-paging-and-tlb
os	11-heap-allocation	11-heap-allocation
os	12-swapping-and-page-replacement	12-swapping-and-page-replacement
os	13-oom-and-memory-limits	13-oom-and-memory-limits
os	14-mmap-and-page-cache	14-mmap-and-page-cache
os	15-race-conditions	15-race-conditions
os	16-locks-and-spinlocks	16-locks-and-spinlocks
os	17-condition-variables-and-monitors	17-condition-variables-and-monitors
os	18-semaphores	18-semaphores
os	19-deadlock	19-deadlock
os	20-concurrency-bugs	20-concurrency-bugs
os	22-files-and-descriptors	21-files-and-descriptors
os	23-file-system-implementation	22-file-system-implementation
os	24-crash-consistency-and-journaling	23-crash-consistency-and-journaling
os	25-fsync-and-durability	24-fsync-and-durability
os	28-io-models	25-io-models
os	29-io-multiplexing-epoll	26-io-multiplexing-epoll
os	21-event-based-concurrency	27-event-based-concurrency
os	34-containers-namespaces-cgroups	28-containers-namespaces-cgroups
os	32-linking-and-loading	29-linking-and-loading
os	31-ipc	30-ipc
os	35-os-observability-tools	31-os-observability-tools
os	26-raid	32-raid
os	27-data-integrity-checksums	33-data-integrity-checksums
os	30-zero-copy-and-io-uring	34-zero-copy-and-io-uring
os	33-virtualization-hypervisor	35-virtualization-hypervisor
os	38-server-concurrency-architectures	36-server-concurrency-architectures
os	36-os-symptom-index	37-os-symptom-index
os	37-os-incidents	38-os-incidents
language	01-compile-interpret-jit	01-compile-interpret-jit
language	02-lexing-and-regular-languages	02-lexing-and-regular-languages
language	03-parsing-grammars-ast	03-parsing-grammars-ast
language	04-semantic-analysis-and-scopes	04-semantic-analysis-and-scopes
language	06-type-systems	05-type-systems
language	07-values-references-passing	06-values-references-passing
language	08-scope-closures-first-class-functions	07-scope-closures-first-class-functions
language	09-error-handling-models	08-error-handling-models
language	12-memory-management-models	09-memory-management-models
language	13-garbage-collection	10-garbage-collection
language	24-gc-tuning-and-gc-logs	11-gc-tuning-and-gc-logs
language	25-object-layout-and-allocation-reduction	12-object-layout-and-allocation-reduction
language	14-language-memory-model	13-language-memory-model
language	15-concurrency-models	14-concurrency-models
language	16-gil-and-runtime-constraints	15-gil-and-runtime-constraints
language	27-concurrency-design-patterns	16-concurrency-design-patterns
language	11-dispatch-and-polymorphism-mechanics	17-dispatch-and-polymorphism-mechanics
language	10-functional-concepts	18-functional-concepts
language	17-modules-and-dependency-resolution	19-modules-and-dependency-resolution
language	18-undefined-behavior-and-memory-safety	20-undefined-behavior-and-memory-safety
language	19-language-choice-tradeoffs	21-language-choice-tradeoffs
language	05-ir-and-optimization	22-ir-and-optimization
language	22-jit-tiered-compilation-and-warmup	23-jit-tiered-compilation-and-warmup
language	23-aot-native-image-and-startup	24-aot-native-image-and-startup
language	26-lto-pgo-and-binary-size	25-lto-pgo-and-binary-size
language	20-pl-symptom-index	26-pl-symptom-index
language	21-pl-incidents	27-pl-incidents
network	01-layer-map-osi-tcpip	01-layer-map-osi-tcpip
network	02-encapsulation	02-encapsulation
network	03-latency-bandwidth-bdp	03-latency-bandwidth-bdp
network	04-ethernet-and-mac	04-ethernet-and-mac
network	06-arp	05-arp
network	05-switching-and-vlan	06-switching-and-vlan
network	07-ip-addressing-cidr	07-ip-addressing-cidr
network	08-routing-and-longest-prefix-match	08-routing-and-longest-prefix-match
network	10-icmp-ping-traceroute	09-icmp-ping-traceroute
network	12-fragmentation-mtu-pmtud	10-fragmentation-mtu-pmtud
network	13-nat-and-conntrack	11-nat-and-conntrack
network	11-dhcp	12-dhcp
network	09-routing-protocols-ospf-bgp	13-routing-protocols-ospf-bgp
network	14-udp	14-udp
network	15-tcp-handshake-and-backlog	15-tcp-handshake-and-backlog
network	16-tcp-reliability-retransmission	16-tcp-reliability-retransmission
network	17-tcp-flow-control	17-tcp-flow-control
network	18-tcp-congestion-control	18-tcp-congestion-control
network	19-tcp-termination-fin-rst-half-open	19-tcp-termination-fin-rst-half-open
network	20-time-wait-and-close-wait	20-time-wait-and-close-wait
network	21-tcp-keepalive-and-user-timeout	21-tcp-keepalive-and-user-timeout
network	22-nagle-and-delayed-ack	22-nagle-and-delayed-ack
network	23-socket-api	23-socket-api
network	24-application-protocol-framing	24-application-protocol-framing
network	25-kernel-network-stack	25-kernel-network-stack
network	26-packet-journey	26-packet-journey
network	27-dns-resolution	27-dns-resolution
network	28-dns-caching-and-ttl	28-dns-caching-and-ttl
network	29-tls-handshake	29-tls-handshake
network	30-x509-and-chain-validation	30-x509-and-chain-validation
network	31-revocation-ocsp-ct	31-revocation-ocsp-ct
network	32-mtls-and-cert-operations	32-mtls-and-cert-operations
network	33-http-semantics	33-http-semantics
network	34-http-caching	34-http-caching
network	35-http-connection-management	35-http-connection-management
network	36-http2-multiplexing	36-http2-multiplexing
network	37-http3-quic	37-http3-quic
network	38-websocket-sse-long-lived	38-websocket-sse-long-lived
network	46-http-content-encoding	39-http-content-encoding
network	48-chunked-and-streaming-responses	40-chunked-and-streaming-responses
network	49-range-requests-and-resume	41-range-requests-and-resume
network	50-large-file-upload-patterns	42-large-file-upload-patterns
network	47-compression-side-channels	43-compression-side-channels
network	52-websocket-compression	44-websocket-compression
network	51-adaptive-media-streaming	45-adaptive-media-streaming
network	39-load-balancers-and-proxies	46-load-balancers-and-proxies
network	40-cdn-and-edge	47-cdn-and-edge
network	41-firewalls-and-network-policy	48-firewalls-and-network-policy
network	42-what-happens-when-url	49-what-happens-when-url
network	43-network-diagnostics	50-network-diagnostics
network	53-email-delivery-and-authentication	51-email-delivery-and-authentication
network	44-network-symptom-index	52-network-symptom-index
network	45-network-incidents	53-network-incidents
security	01-security-principles	01-security-principles
security	02-threat-modeling	02-threat-modeling
security	03-symmetric-encryption-and-aead	03-symmetric-encryption-and-aead
security	04-hash-functions-and-digests	04-hash-functions-and-digests
security	05-mac-and-hmac	05-mac-and-hmac
security	06-public-key-and-signatures	06-public-key-and-signatures
security	07-key-exchange-forward-secrecy	07-key-exchange-forward-secrecy
security	08-password-storage-and-kdf	08-password-storage-and-kdf
security	09-randomness-and-key-management	09-randomness-and-key-management
security	10-authentication-basics	10-authentication-basics
security	11-sessions-and-cookie-security	11-sessions-and-cookie-security
security	12-tokens-and-jwt	12-tokens-and-jwt
security	13-jwks-and-key-rotation	13-jwks-and-key-rotation
security	14-oauth2-and-oidc	14-oauth2-and-oidc
security	15-access-control-models	15-access-control-models
security	16-identifiers-and-enumeration	16-identifiers-and-enumeration
security	29-refresh-token-rotation-and-revocation	17-refresh-token-rotation-and-revocation
security	17-injection	18-injection
security	18-xss-and-csp	19-xss-and-csp
security	19-csrf-and-samesite	20-csrf-and-samesite
security	20-same-origin-and-cors	21-same-origin-and-cors
security	21-ssrf	22-ssrf
security	22-deserialization-and-parser-attacks	23-deserialization-and-parser-attacks
security	23-memory-safety-exploits	24-memory-safety-exploits
security	24-supply-chain-security	25-supply-chain-security
security	25-security-logging-and-audit	26-security-logging-and-audit
security	30-pii-classification-masking-retention	27-pii-classification-masking-retention
security	26-dos-and-abuse	28-dos-and-abuse
security	27-security-symptom-index	29-security-symptom-index
security	28-security-incidents	30-security-incidents
database	01-relational-model-and-algebra	01-relational-model-and-algebra
database	02-keys-and-constraints	02-keys-and-constraints
database	03-normalization	03-normalization
database	04-sql-joins-and-aggregation	04-sql-joins-and-aggregation
database	05-window-functions-and-cte	05-window-functions-and-cte
database	07-pages-and-tuple-layout	06-pages-and-tuple-layout
database	09-buffer-pool	07-buffer-pool
database	12-btree-indexes	08-btree-indexes
database	13-index-design	09-index-design
database	42-collation-and-text-comparison	10-collation-and-text-comparison
database	17-join-algorithms	11-join-algorithms
database	19-query-optimizer-and-explain	12-query-optimizer-and-explain
database	20-transactions-acid	13-transactions-acid
database	21-isolation-levels-and-anomalies	14-isolation-levels-and-anomalies
database	22-two-phase-locking-and-deadlock	15-two-phase-locking-and-deadlock
database	23-mvcc	16-mvcc
database	24-occ-and-timestamp-ordering	17-occ-and-timestamp-ordering
database	25-app-level-concurrency-patterns	18-app-level-concurrency-patterns
database	26-wal-and-logging	19-wal-and-logging
database	28-backup-and-pitr	20-backup-and-pitr
database	32-connection-pooling	21-connection-pooling
database	54-database-side-timeouts	22-database-side-timeouts
database	33-orm-and-n-plus-one	23-orm-and-n-plus-one
database	46-transaction-boundaries-in-app-code	24-transaction-boundaries-in-app-code
database	55-data-source-patterns	25-data-source-patterns
database	34-schema-migration	26-schema-migration
database	41-temporal-types-and-session-timezone	27-temporal-types-and-session-timezone
database	43-key-strategy-surrogate-natural-public-id	28-key-strategy-surrogate-natural-public-id
database	45-soft-delete-and-data-lifecycle	29-soft-delete-and-data-lifecycle
database	38-caching-with-databases	30-caching-with-databases
database	47-cache-key-versioning-and-serialization	31-cache-key-versioning-and-serialization
database	29-replication-leader-follower	32-replication-leader-follower
database	30-partitioning-and-sharding	33-partitioning-and-sharding
database	44-large-backfill-and-batch-dml	34-large-backfill-and-batch-dml
database	48-bulk-file-import-export	35-bulk-file-import-export
database	06-data-models-document-graph	36-data-models-document-graph
database	08-row-vs-column-storage	37-row-vs-column-storage
database	10-lsm-storage-engine	38-lsm-storage-engine
database	11-hash-indexes	39-hash-indexes
database	14-filters-and-specialized-indexes	40-filters-and-specialized-indexes
database	16-sorting-and-aggregation	41-sorting-and-aggregation
database	27-recovery-aries-checkpoints	42-recovery-aries-checkpoints
database	35-row-level-security	43-row-level-security
database	36-timeseries-resolution-tiers	44-timeseries-resolution-tiers
database	37-clickhouse-mergetree	45-clickhouse-mergetree
database	49-full-text-search-and-analyzers	46-full-text-search-and-analyzers
database	50-autocomplete-and-typeahead	47-autocomplete-and-typeahead
database	51-search-index-sync-and-reindexing	48-search-index-sync-and-reindexing
database	52-multi-level-caching	49-multi-level-caching
database	53-temporal-and-bitemporal-tables	50-temporal-and-bitemporal-tables
database	56-object-relational-structural-mapping	51-object-relational-structural-mapping
database	57-offline-concurrency-patterns	52-offline-concurrency-patterns
database	15-index-concurrency-control	53-index-concurrency-control
database	18-query-execution-models	54-query-execution-models
database	31-distributed-databases	55-distributed-databases
database	39-db-symptom-index	56-db-symptom-index
database	40-db-incidents	57-db-incidents
distributed	01-why-distributed-and-fallacies	01-why-distributed-and-fallacies
distributed	02-system-and-failure-models	02-system-and-failure-models
distributed	03-partial-failure-and-timeouts	03-partial-failure-and-timeouts
distributed	05-physical-clocks-and-ntp	04-physical-clocks-and-ntp
distributed	06-logical-clocks	05-logical-clocks
distributed	08-replication-strategies	06-replication-strategies
distributed	10-consistency-models	07-consistency-models
distributed	11-cap-and-pacelc	08-cap-and-pacelc
distributed	09-quorums	09-quorums
distributed	14-leader-election	10-leader-election
distributed	16-consensus-raft	11-consensus-raft
distributed	17-coordination-and-fencing	12-coordination-and-fencing
distributed	18-distributed-id-generation	13-distributed-id-generation
distributed	19-two-phase-commit	14-two-phase-commit
distributed	20-saga	15-saga
distributed	21-outbox-and-dual-write	16-outbox-and-dual-write
distributed	24-queues-logs-and-delivery-semantics	17-queues-logs-and-delivery-semantics
distributed	26-consumer-failure-handling	18-consumer-failure-handling
distributed	34-message-types-channels-and-endpoints	19-message-types-channels-and-endpoints
distributed	36-data-ownership-and-cross-service-queries	20-data-ownership-and-cross-service-queries
distributed	25-kafka-internals	21-kafka-internals
distributed	27-event-sourcing	22-event-sourcing
distributed	23-orchestration-vs-choreography	23-orchestration-vs-choreography
distributed	12-conflict-resolution-and-crdt	24-conflict-resolution-and-crdt
distributed	04-impossibility-results	25-impossibility-results
distributed	07-hybrid-clocks-and-truetime	26-hybrid-clocks-and-truetime
distributed	13-chain-replication-and-striping	27-chain-replication-and-striping
distributed	15-consensus-paxos	28-consensus-paxos
distributed	22-outbox-vs-dispatch-log	29-outbox-vs-dispatch-log
distributed	28-batch-and-stream-processing	30-batch-and-stream-processing
distributed	29-byzantine-and-blockchain	31-byzantine-and-blockchain
distributed	30-distributed-cache-consistency	32-distributed-cache-consistency
distributed	33-collaborative-editing-ot-and-sequence-crdt	33-collaborative-editing-ot-and-sequence-crdt
distributed	35-message-routing-and-transformation	34-message-routing-and-transformation
distributed	31-distributed-symptom-index	35-distributed-symptom-index
distributed	32-distributed-incidents	36-distributed-incidents
reliability	01-fault-error-failure-availability	01-fault-error-failure-availability
reliability	02-slo-sli-error-budget	02-slo-sli-error-budget
reliability	03-failure-at-scale	03-failure-at-scale
reliability	04-failure-modes-catalog	04-failure-modes-catalog
reliability	06-timeouts-and-deadline-propagation	05-timeouts-and-deadline-propagation
reliability	07-retry-backoff-jitter	06-retry-backoff-jitter
reliability	45-timeout-taxonomy-by-layer	07-timeout-taxonomy-by-layer
reliability	46-time-budget-allocation	08-time-budget-allocation
reliability	47-cancellation-propagation	09-cancellation-propagation
reliability	08-circuit-breaker	10-circuit-breaker
reliability	10-rate-limiter	11-rate-limiter
reliability	11-backpressure-and-load-shedding	12-backpressure-and-load-shedding
reliability	12-idempotency	13-idempotency
reliability	14-graceful-shutdown	14-graceful-shutdown
reliability	23-logging	15-logging
reliability	24-metrics-and-golden-signals	16-metrics-and-golden-signals
reliability	25-distributed-tracing	17-distributed-tracing
reliability	44-logs-traces-audit-roles	18-logs-traces-audit-roles
reliability	18-performance-measurement	19-performance-measurement
reliability	38-performance-method-and-amdahl	20-performance-method-and-amdahl
reliability	20-scaling-principles	21-scaling-principles
reliability	21-capacity-and-load-testing	22-capacity-and-load-testing
reliability	27-deployment-strategies	23-deployment-strategies
reliability	35-feature-flag-lifecycle	24-feature-flag-lifecycle
reliability	28-high-availability-topology	25-high-availability-topology
reliability	29-incident-response-and-postmortem	26-incident-response-and-postmortem
reliability	05-failure-point-checklist	27-failure-point-checklist
reliability	09-bulkhead	28-bulkhead
reliability	13-cache-stampede	29-cache-stampede
reliability	15-scheduler-and-cron-ha	30-scheduler-and-cron-ha
reliability	36-batch-job-restart-and-checkpoint	31-batch-job-restart-and-checkpoint
reliability	48-batch-and-job-time-bounds	32-batch-and-job-time-bounds
reliability	16-hysteresis-and-flapping	33-hysteresis-and-flapping
reliability	17-tail-latency-and-stragglers	34-tail-latency-and-stragglers
reliability	49-timeout-design-worksheet	35-timeout-design-worksheet
reliability	19-profiling	36-profiling
reliability	40-memory-leak-and-heap-analysis	37-memory-leak-and-heap-analysis
reliability	39-microbenchmarking	38-microbenchmarking
reliability	42-async-io-gains-and-limits	39-async-io-gains-and-limits
reliability	43-batching-and-round-trips	40-batching-and-round-trips
reliability	22-autoscaling	41-autoscaling
reliability	41-cold-start-and-scale-from-zero	42-cold-start-and-scale-from-zero
reliability	26-alerting-and-on-call	43-alerting-and-on-call
reliability	37-runbooks-and-operational-readiness	44-runbooks-and-operational-readiness
reliability	30-chaos-and-resilience-testing	45-chaos-and-resilience-testing
reliability	31-disaster-recovery	46-disaster-recovery
reliability	32-server-design-antipatterns	47-server-design-antipatterns
reliability	50-performance-and-stability-antipatterns-in-code	48-performance-and-stability-antipatterns-in-code
reliability	53-steady-state-fail-fast-and-supervision	49-steady-state-fail-fast-and-supervision
reliability	51-sidecar-ambassador-and-service-mesh	50-sidecar-ambassador-and-service-mesh
reliability	52-cells-stamps-and-blast-radius	51-cells-stamps-and-blast-radius
reliability	33-reliability-symptom-index	52-reliability-symptom-index
reliability	34-reliability-incidents	53-reliability-incidents
software-design	01-complexity	01-complexity
software-design	02-modularity-coupling-cohesion	02-modularity-coupling-cohesion
software-design	03-deep-modules-and-abstraction	03-deep-modules-and-abstraction
software-design	37-decompose-by-change	04-decompose-by-change
software-design	38-connascence	05-connascence
software-design	04-clean-code	06-clean-code
software-design	46-naming	07-naming
software-design	47-function-design	08-function-design
software-design	48-comments-and-conventions	09-comments-and-conventions
software-design	05-code-smells	10-code-smells
software-design	39-when-to-abstract	11-when-to-abstract
software-design	40-simple-design-and-yagni	12-simple-design-and-yagni
software-design	06-refactoring	13-refactoring
software-design	41-tidy-first	14-tidy-first
software-design	07-error-handling-design	15-error-handling-design
software-design	30-error-strategy-exceptions-vs-results	16-error-strategy-exceptions-vs-results
software-design	26-error-messages-and-log-level-policy	17-error-messages-and-log-level-policy
software-design	50-absence-and-null-design	18-absence-and-null-design
software-design	08-immutability-and-value-objects	19-immutability-and-value-objects
software-design	09-oop-fundamentals	20-oop-fundamentals
software-design	10-composition-over-inheritance	21-composition-over-inheritance
software-design	11-solid	22-solid
software-design	12-design-by-contract	23-design-by-contract
software-design	31-types-as-invariants	24-types-as-invariants
software-design	29-dependency-injection-and-composition-root	25-dependency-injection-and-composition-root
software-design	32-functional-core-imperative-shell	26-functional-core-imperative-shell
software-design	13-design-patterns-gof	27-design-patterns-gof
software-design	51-taming-conditionals	28-taming-conditionals
software-design	33-refactoring-to-patterns	29-refactoring-to-patterns
software-design	27-pattern-languages-and-catalogs	30-pattern-languages-and-catalogs
software-design	14-antipatterns	31-antipatterns
software-design	52-inversion-of-control-and-framework-flow	32-inversion-of-control-and-framework-flow
software-design	53-aop-and-proxies	33-aop-and-proxies
software-design	54-middleware-filter-interceptor-chains	34-middleware-filter-interceptor-chains
software-design	55-annotation-and-metadata-programming	35-annotation-and-metadata-programming
software-design	56-extension-points-and-plugins	36-extension-points-and-plugins
software-design	15-architecture-styles	37-architecture-styles
software-design	16-layered-hexagonal-clean	38-layered-hexagonal-clean
software-design	17-component-principles	39-component-principles
software-design	28-codebase-structure	40-codebase-structure
software-design	43-architecture-fitness-rules	41-architecture-fitness-rules
software-design	34-ui-architecture-patterns	42-ui-architecture-patterns
software-design	35-data-across-boundaries	43-data-across-boundaries
software-design	36-architecture-in-code	44-architecture-in-code
software-design	18-monolith-vs-microservices	45-monolith-vs-microservices
software-design	20-quality-attributes-and-tradeoffs	46-quality-attributes-and-tradeoffs
software-design	21-architecture-decision-records	47-architecture-decision-records
software-design	22-configuration-and-12factor	48-configuration-and-12factor
software-design	19-multi-tenancy	49-multi-tenancy
software-design	25-legacy-migration-strangler-fig	50-legacy-migration-strangler-fig
software-design	42-legacy-change-techniques	51-legacy-change-techniques
software-design	44-complexity-metrics	52-complexity-metrics
software-design	45-code-forensics-hotspots	53-code-forensics-hotspots
software-design	49-designing-for-deletion	54-designing-for-deletion
software-design	23-design-symptom-index	55-design-symptom-index
software-design	24-design-incidents	56-design-incidents
domain-modeling	01-domain-vs-application-logic	01-domain-vs-application-logic
domain-modeling	02-pojo-and-persistence-ignorance	02-pojo-and-persistence-ignorance
domain-modeling	03-ubiquitous-language	03-ubiquitous-language
domain-modeling	04-entities-and-value-objects	04-entities-and-value-objects
domain-modeling	05-aggregates-and-invariants	05-aggregates-and-invariants
domain-modeling	09-anemic-vs-rich-model	06-anemic-vs-rich-model
domain-modeling	28-domain-logic-patterns-and-service-layer	07-domain-logic-patterns-and-service-layer
domain-modeling	06-domain-services-and-policies	08-domain-services-and-policies
domain-modeling	07-domain-events	09-domain-events
domain-modeling	08-repositories-and-factories	10-repositories-and-factories
domain-modeling	10-state-machines-in-domain	11-state-machines-in-domain
domain-modeling	11-time-money-and-units	12-time-money-and-units
domain-modeling	22-instant-vs-local-time-and-tz-rules	13-instant-vs-local-time-and-tz-rules
domain-modeling	23-money-arithmetic-rounding-allocation	14-money-arithmetic-rounding-allocation
domain-modeling	18-basic-modeling-exercises	15-basic-modeling-exercises
domain-modeling	12-bounded-contexts	16-bounded-contexts
domain-modeling	13-subdomains	17-subdomains
domain-modeling	14-context-mapping	18-context-mapping
domain-modeling	15-anti-corruption-layer	19-anti-corruption-layer
domain-modeling	16-event-storming	20-event-storming
domain-modeling	17-cqrs	21-cqrs
domain-modeling	24-decision-log-and-provenance	22-decision-log-and-provenance
domain-modeling	25-versioned-rules-and-effective-dating	23-versioned-rules-and-effective-dating
domain-modeling	26-double-entry-ledger	24-double-entry-ledger
domain-modeling	27-reconciliation	25-reconciliation
domain-modeling	19-advanced-modeling-exercises	26-advanced-modeling-exercises
domain-modeling	20-dm-symptom-index	27-dm-symptom-index
domain-modeling	21-dm-incidents	28-dm-incidents
testing	01-why-test-and-pyramid	01-why-test-and-pyramid
testing	02-good-unit-tests	02-good-unit-tests
testing	03-test-doubles	03-test-doubles
testing	04-classical-vs-london	04-classical-vs-london
testing	05-tdd	05-tdd
testing	21-outside-in-tdd-and-acceptance-tests	06-outside-in-tdd-and-acceptance-tests
testing	06-test-design-techniques	07-test-design-techniques
testing	07-integration-tests-real-dependencies	08-integration-tests-real-dependencies
testing	11-flaky-tests	09-flaky-tests
testing	12-testing-time-and-concurrency	10-testing-time-and-concurrency
testing	14-test-data-and-fixtures	11-test-data-and-fixtures
testing	20-test-smells-and-xunit-patterns	12-test-smells-and-xunit-patterns
testing	08-contract-testing	13-contract-testing
testing	09-property-based-testing	14-property-based-testing
testing	10-mutation-testing	15-mutation-testing
testing	15-coverage-and-its-limits	16-coverage-and-its-limits
testing	16-characterization-tests-legacy	17-characterization-tests-legacy
testing	13-e2e-and-ui-testing	18-e2e-and-ui-testing
testing	17-testing-in-production	19-testing-in-production
testing	18-test-symptom-index	20-test-symptom-index
testing	19-test-incidents	21-test-incidents
api-design	01-api-as-contract	01-api-as-contract
api-design	02-rest-and-resource-modeling	02-rest-and-resource-modeling
api-design	03-status-codes-for-apis	03-status-codes-for-apis
api-design	04-error-format-problem-details	04-error-format-problem-details
api-design	05-idempotency-keys	05-idempotency-keys
api-design	06-pagination	06-pagination
api-design	08-versioning-and-compatibility	07-versioning-and-compatibility
api-design	09-schema-and-serialization	08-schema-and-serialization
api-design	12-async-apis-and-webhooks	09-async-apis-and-webhooks
api-design	27-notification-delivery-pipeline	10-notification-delivery-pipeline
api-design	13-concurrency-control-in-apis	11-concurrency-control-in-apis
api-design	07-filtering-sorting-search	12-filtering-sorting-search
api-design	14-long-running-operations	13-long-running-operations
api-design	28-rate-limit-and-quota-contracts	14-rate-limit-and-quota-contracts
api-design	10-rpc-and-grpc	15-rpc-and-grpc
api-design	24-grpc-streaming-modes	16-grpc-streaming-modes
api-design	11-graphql	17-graphql
api-design	25-api-style-selection	18-api-style-selection
api-design	29-api-gateway-and-bff	19-api-gateway-and-bff
api-design	26-messaging-protocols	20-messaging-protocols
api-design	15-api-documentation-openapi	21-api-documentation-openapi
api-design	16-case-order-point	22-case-order-point
api-design	17-case-coupon-issue	23-case-coupon-issue
api-design	18-case-stock-deduct	24-case-stock-deduct
api-design	19-case-settlement-report	25-case-settlement-report
api-design	20-case-delivery-webhook	26-case-delivery-webhook
api-design	21-case-refund	27-case-refund
api-design	22-api-symptom-index	28-api-symptom-index
api-design	23-api-incidents	29-api-incidents
web-platform	01-browser-architecture	01-browser-architecture
web-platform	02-rendering-pipeline	02-rendering-pipeline
web-platform	03-event-loop	03-event-loop
web-platform	04-dom-and-event-model	04-dom-and-event-model
web-platform	05-fetch-from-browser	05-fetch-from-browser
web-platform	06-browser-storage	06-browser-storage
web-platform	07-service-workers-and-offline	07-service-workers-and-offline
web-platform	08-web-performance-vitals	08-web-performance-vitals
web-platform	09-js-modules-and-bundling	09-js-modules-and-bundling
web-platform	10-rendering-strategies	10-rendering-strategies
web-platform	11-accessibility-basics	11-accessibility-basics
web-platform	14-internationalization-and-localization	12-internationalization-and-localization
web-platform	15-critical-path-and-resource-loading	13-critical-path-and-resource-loading
web-platform	16-image-optimization	14-image-optimization
web-platform	17-web-font-loading	15-web-font-loading
web-platform	18-long-tasks-and-web-workers	16-long-tasks-and-web-workers
web-platform	19-list-virtualization	17-list-virtualization
web-platform	20-ui-rerender-and-memoization	18-ui-rerender-and-memoization
web-platform	21-hydration-cost-and-partial-hydration	19-hydration-cost-and-partial-hydration
web-platform	22-performance-budgets-and-regression-gates	20-performance-budgets-and-regression-gates
web-platform	23-component-and-state-patterns	21-component-and-state-patterns
web-platform	24-islands-and-micro-frontends	22-islands-and-micro-frontends
web-platform	12-web-symptom-index	23-web-symptom-index
web-platform	13-web-incidents	24-web-incidents
engineering-practice	01-lifecycle-and-agile	01-lifecycle-and-agile
engineering-practice	02-requirements-engineering	02-requirements-engineering
engineering-practice	04-version-control-and-git-internals	03-version-control-and-git-internals
engineering-practice	05-branching-strategies	04-branching-strategies
engineering-practice	06-code-review	05-code-review
engineering-practice	08-ci-cd-pipelines	06-ci-cd-pipelines
engineering-practice	07-build-systems-and-reproducibility	07-build-systems-and-reproducibility
engineering-practice	20-container-image-optimization	08-container-image-optimization
engineering-practice	09-dora-metrics	09-dora-metrics
engineering-practice	10-technical-debt	10-technical-debt
engineering-practice	11-documentation-practices	11-documentation-practices
engineering-practice	03-estimation-and-planning	12-estimation-and-planning
engineering-practice	19-build-vs-buy-and-adoption	13-build-vs-buy-and-adoption
engineering-practice	12-quality-standards	14-quality-standards
engineering-practice	13-security-standards	15-security-standards
engineering-practice	14-operational-standards	16-operational-standards
engineering-practice	15-legal-standards	17-legal-standards
engineering-practice	16-engineering-virtues	18-engineering-virtues
engineering-practice	17-practice-symptom-index	19-practice-symptom-index
engineering-practice	18-practice-incidents	20-practice-incidents
data-engineering	01-system-of-record-and-derived-data	01-system-of-record-and-derived-data
data-engineering	02-oltp-olap-and-warehouse	02-oltp-olap-and-warehouse
data-engineering	03-dimensional-modeling	03-dimensional-modeling
data-engineering	04-slowly-changing-dimensions	04-slowly-changing-dimensions
data-engineering	06-change-data-capture	05-change-data-capture
data-engineering	13-event-data-modeling	06-event-data-modeling
data-engineering	07-batch-stream-architectures	07-batch-stream-architectures
data-engineering	09-idempotent-pipelines-and-backfill	08-idempotent-pipelines-and-backfill
data-engineering	10-data-contracts-and-schema-registry	09-data-contracts-and-schema-registry
data-engineering	11-data-quality-and-data-observability	10-data-quality-and-data-observability
data-engineering	12-data-lineage	11-data-lineage
data-engineering	14-data-retention-and-erasure	12-data-retention-and-erasure
data-engineering	05-data-vault	13-data-vault
data-engineering	08-lakehouse-table-formats	14-lakehouse-table-formats
data-engineering	15-data-mesh-and-data-products	15-data-mesh-and-data-products
data-engineering	16-de-symptom-index	16-de-symptom-index
data-engineering	17-de-incidents	17-de-incidents
data-analysis	01-data-types-and-measurement	01-data-types-and-measurement
data-analysis	02-sampling-and-bias	02-sampling-and-bias
data-analysis	03-observational-vs-experimental	03-observational-vs-experimental
data-analysis	04-descriptive-statistics	04-descriptive-statistics
data-analysis	06-percentiles-and-latency-distributions	05-percentiles-and-latency-distributions
data-analysis	05-exploratory-data-analysis	06-exploratory-data-analysis
data-analysis	07-sampling-distributions-and-clt	07-sampling-distributions-and-clt
data-analysis	08-confidence-intervals	08-confidence-intervals
data-analysis	09-hypothesis-testing	09-hypothesis-testing
data-analysis	10-power-and-sample-size	10-power-and-sample-size
data-analysis	11-multiple-comparisons	11-multiple-comparisons
data-analysis	14-correlation-vs-causation	12-correlation-vs-causation
data-analysis	15-linear-regression	13-linear-regression
data-analysis	19-ab-testing-design	14-ab-testing-design
data-analysis	20-ab-pitfalls-srm-peeking	15-ab-pitfalls-srm-peeking
data-analysis	21-metrics-design	16-metrics-design
data-analysis	22-sql-for-analysis	17-sql-for-analysis
data-analysis	23-data-cleaning-and-quality	18-data-cleaning-and-quality
data-analysis	25-data-visualization-principles	19-data-visualization-principles
data-analysis	12-categorical-inference	20-categorical-inference
data-analysis	13-numerical-inference-t-anova	21-numerical-inference-t-anova
data-analysis	16-multiple-and-logistic-regression	22-multiple-and-logistic-regression
data-analysis	24-time-series-basics	23-time-series-basics
data-analysis	26-reproducible-analysis	24-reproducible-analysis
data-analysis	17-causal-inference-basics	25-causal-inference-basics
data-analysis	18-bayesian-thinking	26-bayesian-thinking
data-analysis	27-da-symptom-index	27-da-symptom-index
data-analysis	28-da-incidents	28-da-incidents
